0902.0765,Custom,65,51,1133
0902.0765,Grobid,65,51,1297
0902.0578,Custom,13,2,166
0902.0578,Grobid,13,2,285
0902.0300,Custom,33,25,259
0902.0300,Grobid,33,25,433
0902.0089,Custom,13,4,175
0902.0089,Grobid,13,4,250
0902.0924,Custom,21,17,2588
0902.0924,Grobid,21,17,1866
0902.0282,Custom,21,10,524
0902.0282,Grobid,21,10,320
0902.0429,Custom,58,26,950
0902.0429,Grobid,58,26,1450
0902.0329,Custom,26,4,193
0902.0329,Grobid,26,4,312
0902.0017,Custom,6,4,147
0902.0017,Grobid,6,4,142
0902.0068,Custom,24,12,235
0902.0068,Grobid,25,12,719
0902.0591,Custom,12,3,180
0902.0591,Grobid,12,3,148
0902.0289,Custom,77,59,4605
0902.0289,Grobid,77,59,3469
0902.0582,Custom,24,16,272
0902.0582,Grobid,24,16,858
0902.0694,Custom,13,8,164
0902.0694,Grobid,13,8,607
0902.0784,Custom,60,47,708
0902.0784,Grobid,60,47,969
0902.0150,Custom,13,7,304
0902.0150,Grobid,13,7,300
0902.0083,Custom,16,7,207
0902.0083,Grobid,16,7,147
0902.0081,Custom,33,8,895
0902.0081,Grobid,33,8,804
0902.0437,Custom,19,9,232
0902.0437,Grobid,20,10,622
0902.0463,Custom,47,28,687
0902.0463,Grobid,47,28,626
0902.0176,Custom,32,15,302
0902.0176,Grobid,32,15,273
0902.0908,Custom,0,0,1143
0902.0908,Grobid,0,0,896
0902.0233,Custom,27,22,461
0902.0233,Grobid,27,22,347
0902.0718,Custom,14,10,155
0902.0718,Grobid,14,10,390
0902.0006,Custom,25,14,156
0902.0006,Grobid,24,13,330
0902.0484,Custom,25,12,861
0902.0484,Grobid,25,12,630
0902.0149,Custom,5,3,102
0902.0149,Grobid,6,3,379
0902.0073,Custom,4,2,177
0902.0073,Grobid,4,2,123
0902.0352,Custom,21,5,503
0902.0352,Grobid,21,5,374
0902.0115,Custom,7,5,148
0902.0115,Grobid,8,6,472
0902.0102,Custom,17,12,150
0902.0102,Grobid,17,12,434
0902.0480,Custom,40,11,399
0902.0480,Grobid,40,11,419
0902.0245,Custom,34,5,297
0902.0245,Grobid,34,5,316
0902.0574,Custom,33,9,446
0902.0574,Grobid,32,9,683
0902.0857,Custom,25,21,468
0902.0857,Grobid,25,21,563
0902.0039,Custom,46,19,736
0902.0039,Grobid,46,19,949
0902.0523,Custom,11,2,1302
0902.0523,Grobid,11,2,1255
0902.0222,Custom,13,1,126
0902.0222,Grobid,13,1,272
0902.0570,Custom,49,44,486
0902.0570,Grobid,50,45,1217
0902.0695,Custom,0,0,328
0902.0695,Grobid,0,0,291
0902.0831,Custom,21,20,249
0902.0831,Grobid,16,15,543
0902.0166,Custom,6,4,67
0902.0166,Grobid,6,4,161
0902.0184,Custom,11,4,232
0902.0184,Grobid,11,4,165
0902.0557,Custom,9,6,95
0902.0557,Grobid,9,6,289
0902.0201,Custom,28,16,274
0902.0201,Grobid,28,16,495
0902.0507,Custom,33,24,351
0902.0507,Grobid,33,24,1073
0902.0098,Custom,46,30,325
0902.0098,Grobid,46,29,857
0902.0075,Custom,44,21,462
0902.0075,Grobid,44,21,617
0902.0161,Custom,22,11,491
0902.0161,Grobid,22,11,1265
0902.0492,Custom,35,15,324
0902.0492,Grobid,43,15,902
0902.0503,Custom,64,44,502
0902.0503,Grobid,64,46,994
0902.0137,Custom,19,12,396
0902.0137,Grobid,24,12,595
0902.0365,Custom,54,29,808
0902.0365,Grobid,54,29,929
0902.0471,Custom,29,10,174
0902.0471,Grobid,29,10,519
0902.0291,Custom,50,12,461
0902.0291,Grobid,50,18,1254
0902.0105,Custom,17,8,256
0902.0105,Grobid,18,8,403
0902.0317,Custom,33,24,505
0902.0317,Grobid,33,24,391
0902.0459,Custom,45,39,560
0902.0459,Grobid,45,39,943
0902.0109,Custom,20,13,149
0902.0109,Grobid,20,13,343
0902.0485,Custom,33,23,265
0902.0485,Grobid,33,26,616
0902.0922,Custom,24,17,207
0902.0922,Grobid,24,17,500
0902.0368,Custom,56,22,820
0902.0368,Grobid,56,22,1153
0902.0014,Custom,7,6,100
0902.0014,Grobid,7,6,162
0902.0756,Custom,22,12,336
0902.0756,Grobid,22,12,604
0902.0769,Custom,67,54,385
0902.0769,Grobid,66,53,697
0902.0271,Custom,9,3,1349
0902.0271,Grobid,9,3,1134
0902.0251,Custom,16,9,165
0902.0251,Grobid,16,9,418
0902.0518,Custom,17,10,207
0902.0518,Grobid,17,10,609
0902.0249,Custom,56,22,622
0902.0249,Grobid,55,22,753
0902.0614,Custom,21,21,295
0902.0614,Grobid,21,21,421
0902.0283,Custom,26,18,211
0902.0283,Grobid,23,13,583
0902.0878,Custom,45,12,953
0902.0878,Grobid,45,12,1214
0902.0633,Custom,17,9,337
0902.0633,Grobid,17,9,807
0902.0302,Custom,29,9,465
0902.0302,Grobid,29,9,418
0902.0882,Custom,36,21,749
0902.0882,Grobid,36,21,1116
0902.0812,Custom,9,5,293
0902.0812,Grobid,9,5,315
0902.0951,Custom,47,22,1647
0902.0951,Grobid,47,22,1295
0902.0638,Custom,41,27,552
0902.0638,Grobid,41,27,484
0902.0343,Custom,45,7,236
0902.0343,Grobid,45,7,388
0902.0861,Custom,17,10,149
0902.0861,Grobid,18,13,385
0902.0408,Custom,7,2,120
0902.0408,Grobid,7,2,557
0902.0106,Custom,12,9,226
0902.0106,Grobid,12,9,255
0902.0269,Custom,28,24,527
0902.0269,Grobid,28,24,457
0902.0324,Custom,43,23,665
0902.0324,Grobid,43,23,744
0902.0034,Custom,13,9,257
0902.0034,Grobid,15,9,1056
0902.0685,Custom,29,3,515
0902.0685,Grobid,29,3,708
0902.0376,Custom,28,14,304
0902.0376,Grobid,28,14,383
0902.0735,Custom,37,17,203
0902.0735,Grobid,36,17,488
0902.0207,Custom,0,0,590
0902.0207,Grobid,0,0,477
0902.0961,Custom,67,39,732
0902.0961,Grobid,67,39,1239
0902.0070,Custom,39,16,176
0902.0070,Grobid,39,15,434
0902.0022,Custom,38,22,433
0902.0022,Grobid,38,22,446
0902.0155,Custom,19,8,93
0902.0155,Grobid,19,8,256
0902.0059,Custom,21,18,125
0902.0059,Grobid,21,18,235
0902.0431,Custom,63,20,6489
0902.0431,Grobid,63,20,5720
0902.0390,Custom,34,26,520
0902.0390,Grobid,34,26,858
0902.0947,Custom,25,17,3154
0902.0947,Grobid,25,17,2493
0902.0512,Custom,12,10,123
0902.0512,Grobid,12,11,353
0902.0943,Custom,31,20,478
0902.0943,Grobid,31,20,1100
0902.0965,Custom,20,6,403
0902.0965,Grobid,20,6,952
0902.0598,Custom,21,13,388
0902.0598,Grobid,21,13,324
0902.0944,Custom,14,4,223
0902.0944,Grobid,15,5,1047
0902.0867,Custom,18,10,143
0902.0867,Grobid,18,10,337
0902.0594,Custom,18,7,326
0902.0594,Grobid,18,7,322
0902.0335,Custom,43,20,445
0902.0335,Grobid,43,20,378
0902.0865,Custom,21,9,306
0902.0865,Grobid,21,9,358
0902.0937,Custom,10,5,98
0902.0937,Grobid,10,5,386
0902.0168,Custom,43,14,439
0902.0168,Grobid,43,14,694
0902.0315,Custom,2,1,46
0902.0315,Grobid,3,1,207
0902.0934,Custom,44,22,604
0902.0934,Grobid,44,22,946
0902.0372,Custom,26,18,614
0902.0372,Grobid,26,18,966
0902.0435,Custom,98,69,927
0902.0435,Grobid,98,69,1677
0902.0172,Custom,56,35,381
0902.0172,Grobid,56,35,1050
0902.0107,Custom,0,0,472
0902.0107,Grobid,0,0,353
0902.0432,Custom,70,52,789
0902.0432,Grobid,70,52,948
0902.0837,Custom,30,20,3718
0902.0837,Grobid,30,20,3200
0902.0606,Custom,48,19,280
0902.0606,Grobid,48,19,672
0902.0308,Custom,31,8,263
0902.0308,Grobid,31,8,513
0902.0130,Custom,10,6,902
0902.0130,Grobid,10,6,651
0902.0794,Custom,23,14,396
0902.0794,Grobid,23,14,400
0902.0773,Custom,37,12,232
0902.0773,Grobid,37,13,538
0902.0216,Custom,35,32,353
0902.0216,Grobid,35,33,1165
0902.0863,Custom,17,8,420
0902.0863,Grobid,17,8,339
0902.0609,Custom,98,9,1917
0902.0609,Grobid,98,9,1383
0902.0430,Custom,33,15,3272
0902.0430,Grobid,33,15,2645
0902.0313,Custom,17,9,455
0902.0313,Grobid,17,9,1153
0902.0145,Custom,28,8,180
0902.0145,Grobid,28,8,348
0902.0704,Custom,26,18,154
0902.0704,Grobid,26,18,295
0902.0377,Custom,1633,846,30647
0902.0377,Grobid,1633,846,25148
0902.0915,Custom,4,0,137
0902.0915,Grobid,4,0,120
0902.0411,Custom,7,2,96
0902.0411,Grobid,10,2,359
0902.0310,Custom,26,10,141
0902.0310,Grobid,28,10,333
0902.0379,Custom,12,10,106
0902.0379,Grobid,12,10,268
0902.0938,Custom,0,0,309
0902.0938,Grobid,0,0,257
0902.0802,Custom,37,25,2342
0902.0802,Grobid,37,25,1925
0902.0864,Custom,48,26,517
0902.0864,Grobid,48,26,469
0902.0183,Custom,60,60,450
0902.0183,Grobid,60,60,1452
0902.0698,Custom,20,18,122
0902.0698,Grobid,20,18,334
0902.0974,Custom,25,5,214
0902.0974,Grobid,27,5,422
0902.0187,Custom,14,6,242
0902.0187,Grobid,14,6,405
0902.0192,Custom,11,4,89
0902.0192,Grobid,11,4,284
0902.0152,Custom,31,10,2255
0902.0152,Grobid,31,10,1858
0902.0788,Custom,7,2,91
0902.0788,Grobid,7,2,325
0902.0242,Custom,24,9,170
0902.0242,Grobid,24,10,338
0902.0227,Custom,26,6,313
0902.0227,Grobid,27,6,616
0902.0677,Custom,65,27,2023
0902.0677,Grobid,65,27,1792
0902.0248,Custom,11,0,54
0902.0248,Grobid,11,0,176
0902.0066,Custom,47,24,369
0902.0066,Grobid,44,26,974
0902.0001,Custom,45,16,992
0902.0001,Grobid,45,16,962
0902.0464,Custom,29,22,362
0902.0464,Grobid,29,22,738
0902.0332,Custom,13,9,97
0902.0332,Grobid,13,9,248
0902.0428,Custom,22,19,566
0902.0428,Grobid,22,19,850
0902.0202,Custom,26,18,595
0902.0202,Grobid,26,18,748
0902.0714,Custom,18,11,416
0902.0714,Grobid,18,11,1018
0902.0174,Custom,7,5,143
0902.0174,Grobid,7,5,357
0902.0567,Custom,33,17,418
0902.0567,Grobid,33,17,665
0902.0103,Custom,14,11,220
0902.0103,Grobid,14,11,180
0902.0721,Custom,23,10,364
0902.0721,Grobid,23,10,792
0902.0260,Custom,28,18,433
0902.0260,Grobid,28,18,368
0902.0919,Custom,37,25,286
0902.0919,Grobid,37,25,698
0902.0554,Custom,25,19,2363
0902.0554,Grobid,25,19,513
0902.0396,Custom,25,9,363
0902.0396,Grobid,31,9,1069
0902.0274,Custom,30,23,212
0902.0274,Grobid,30,23,649
0902.0547,Custom,3,2,84
0902.0547,Grobid,4,2,400
0902.0281,Custom,47,36,549
0902.0281,Grobid,48,36,541
0902.0531,Custom,30,13,480
0902.0531,Grobid,30,13,531
0902.0495,Custom,41,10,452
0902.0495,Grobid,41,10,400
0902.0550,Custom,14,11,121
0902.0550,Grobid,14,11,398
0902.0791,Custom,19,17,101
0902.0791,Grobid,38,36,365
0902.0658,Custom,48,31,768
0902.0658,Grobid,48,31,553
0902.0084,Custom,6,3,55
0902.0084,Grobid,6,3,132
0902.0817,Custom,38,14,619
0902.0817,Grobid,38,14,785
0902.0813,Custom,36,7,152
0902.0813,Grobid,37,7,340
0902.0436,Custom,50,37,600
0902.0436,Grobid,62,37,1094
0902.0536,Custom,58,33,1527
0902.0536,Grobid,58,33,1620
0902.0171,Custom,46,15,205
0902.0171,Grobid,46,15,480
0902.0935,Custom,30,18,191
0902.0935,Grobid,30,16,413
0902.0596,Custom,25,7,145
0902.0596,Grobid,23,7,403
0902.0742,Custom,24,11,1966
0902.0742,Grobid,24,11,1637
0902.0881,Custom,27,7,160
0902.0881,Grobid,26,7,321
0902.0730,Custom,13,1,191
0902.0730,Grobid,13,1,147
0902.0042,Custom,52,35,523
0902.0042,Grobid,52,35,531
0902.0119,Custom,10,7,160
0902.0119,Grobid,11,7,726
0902.0868,Custom,15,4,125
0902.0868,Grobid,15,4,417
0902.0639,Custom,44,21,449
0902.0639,Grobid,45,21,480
0902.0746,Custom,23,18,252
0902.0746,Grobid,23,18,730
0902.0843,Custom,19,7,305
0902.0843,Grobid,19,7,262
0902.0054,Custom,17,6,153
0902.0054,Grobid,18,6,472
0902.0305,Custom,57,30,616
0902.0305,Grobid,57,30,772
0902.0918,Custom,16,8,209
0902.0918,Grobid,16,8,372
0902.0386,Custom,46,25,1057
0902.0386,Grobid,46,25,954
0902.0016,Custom,62,55,886
0902.0016,Grobid,62,55,989
0902.0781,Custom,19,14,110
0902.0781,Grobid,19,14,231
0902.0755,Custom,16,8,116
0902.0755,Grobid,16,8,289
0902.0636,Custom,15,10,516
0902.0636,Grobid,15,10,405
0902.0711,Custom,114,25,3202
0902.0711,Grobid,114,25,2739
0902.0494,Custom,18,4,243
0902.0494,Grobid,18,4,201
0902.0763,Custom,25,15,207
0902.0763,Grobid,25,15,631
0902.0530,Custom,64,50,546
0902.0530,Grobid,64,50,1008
0902.0766,Custom,14,8,296
0902.0766,Grobid,14,8,551
0902.0516,Custom,21,11,324
0902.0516,Grobid,21,11,337
0902.0747,Custom,31,18,325
0902.0747,Grobid,31,18,620
0902.0033,Custom,30,16,261
0902.0033,Grobid,29,17,743
0902.0002,Custom,9,6,313
0902.0002,Grobid,9,6,269
0902.0551,Custom,86,38,4835
0902.0551,Grobid,86,38,3978
0902.0662,Custom,32,19,621
0902.0662,Grobid,32,19,498
0902.0866,Custom,17,7,134
0902.0866,Grobid,17,5,360
0902.0526,Custom,0,0,524
0902.0526,Grobid,0,0,447
0902.0036,Custom,9,4,277
0902.0036,Grobid,9,4,211
0902.0795,Custom,50,25,484
0902.0795,Grobid,50,25,572
0902.0055,Custom,53,19,309
0902.0055,Grobid,53,24,785
0902.0439,Custom,7,4,79
0902.0439,Grobid,7,4,348
0902.0175,Custom,2,1,29
0902.0175,Grobid,3,1,124
0902.0927,Custom,19,10,112
0902.0927,Grobid,20,10,293
0902.0491,Custom,69,32,880
0902.0491,Grobid,87,36,1194
0902.0954,Custom,31,3,969
0902.0954,Grobid,31,3,1699
0902.0743,Custom,0,0,618
0902.0743,Grobid,0,0,523
0902.0546,Custom,23,15,177
0902.0546,Grobid,23,15,365
0902.0545,Custom,34,21,280
0902.0545,Grobid,34,21,279
0902.0907,Custom,20,11,89
0902.0907,Grobid,20,11,222
0902.0856,Custom,44,24,376
0902.0856,Grobid,44,24,792
0902.0071,Custom,57,47,476
0902.0071,Grobid,57,47,559
0902.0887,Custom,24,18,152
0902.0887,Grobid,25,18,333
0902.0353,Custom,50,29,356
0902.0353,Grobid,50,30,962
0902.0532,Custom,58,28,996
0902.0532,Grobid,58,28,1267
0902.0031,Custom,22,9,210
0902.0031,Grobid,22,9,310
0902.0347,Custom,49,39,650
0902.0347,Grobid,49,39,1065
0902.0852,Custom,15,5,282
0902.0852,Grobid,15,5,369
0902.0483,Custom,117,62,2595
0902.0483,Grobid,117,62,2203
0902.0593,Custom,42,41,479
0902.0593,Grobid,42,41,398
0902.0336,Custom,34,15,505
0902.0336,Grobid,34,15,606
0902.0008,Custom,78,76,521
0902.0008,Grobid,78,76,658
0902.0056,Custom,5,0,64
0902.0056,Grobid,6,0,191
0902.0886,Custom,9,4,107
0902.0886,Grobid,9,4,472
0902.0351,Custom,41,35,544
0902.0351,Grobid,41,35,1147
0902.0605,Custom,41,23,214
0902.0605,Grobid,41,25,575
0902.0836,Custom,57,37,775
0902.0836,Grobid,57,37,1668
0902.0736,Custom,44,22,985
0902.0736,Grobid,44,22,805
0902.0618,Custom,79,45,505
0902.0618,Grobid,79,45,1247
0902.0854,Custom,99,57,900
0902.0854,Grobid,99,57,1383
0902.0239,Custom,11,6,193
0902.0239,Grobid,11,6,191
0902.0696,Custom,31,15,467
0902.0696,Grobid,31,15,362
0902.0205,Custom,9,5,338
0902.0205,Grobid,9,5,287
0902.0896,Custom,25,19,366
0902.0896,Grobid,25,19,377
0902.0705,Custom,16,14,206
0902.0705,Grobid,16,14,876
0902.0880,Custom,31,16,172
0902.0880,Grobid,31,19,496
0902.0455,Custom,33,33,290
0902.0455,Grobid,36,32,452
0902.0403,Custom,15,11,251
0902.0403,Grobid,15,11,392
0902.0671,Custom,24,17,155
0902.0671,Grobid,24,17,331
0902.0397,Custom,16,12,216
0902.0397,Grobid,16,12,183
0902.0009,Custom,50,26,698
0902.0009,Grobid,50,26,797
0902.0699,Custom,22,8,460
0902.0699,Grobid,22,8,987
0902.0786,Custom,42,25,590
0902.0786,Grobid,42,25,855
0902.0085,Custom,43,31,504
0902.0085,Grobid,43,31,757
0902.0253,Custom,44,26,430
0902.0253,Grobid,46,27,1184
0902.0712,Custom,27,12,180
0902.0712,Grobid,27,12,516
0902.0970,Custom,6,3,93
0902.0970,Grobid,6,3,410
0902.0388,Custom,48,34,348
0902.0388,Grobid,48,33,768
0902.0391,Custom,30,20,365
0902.0391,Grobid,31,20,1632
0902.0427,Custom,16,14,247
0902.0427,Grobid,16,14,321
0902.0047,Custom,8,8,72
0902.0047,Grobid,8,8,317
0902.0814,Custom,98,91,1641
0902.0814,Grobid,98,91,1448
0902.0057,Custom,11,9,93
0902.0057,Grobid,11,9,245
0902.0905,Custom,21,18,116
0902.0905,Grobid,21,18,380
0902.0409,Custom,35,31,467
0902.0409,Grobid,35,31,1042
0902.0331,Custom,59,35,639
0902.0331,Grobid,59,35,704
0902.0259,Custom,13,9,234
0902.0259,Grobid,13,9,350
0902.0920,Custom,21,14,398
0902.0920,Grobid,22,15,464
0902.0752,Custom,48,36,249
0902.0752,Grobid,49,35,559
0902.0221,Custom,8,6,83
0902.0221,Grobid,8,6,405
0902.0272,Custom,12,0,111
0902.0272,Grobid,12,1,374
0902.0424,Custom,10,2,429
0902.0424,Grobid,10,2,696
0902.0601,Custom,32,15,522
0902.0601,Grobid,37,15,677
0902.0090,Custom,19,13,183
0902.0090,Grobid,19,13,558
0902.0159,Custom,60,36,649
0902.0159,Grobid,60,36,1074
0902.0180,Custom,468,243,6633
0902.0180,Grobid,468,243,5877
0902.0823,Custom,25,8,220
0902.0823,Grobid,26,12,501
0902.0923,Custom,7,2,174
0902.0923,Grobid,7,2,161
0902.0622,Custom,37,29,858
0902.0622,Grobid,37,29,739
0902.0140,Custom,17,9,142
0902.0140,Grobid,17,9,367
0902.0147,Custom,17,12,298
0902.0147,Grobid,20,12,595
0902.0063,Custom,9,8,117
0902.0063,Grobid,9,8,326
0902.0333,Custom,21,13,195
0902.0333,Grobid,21,13,679
0902.0276,Custom,31,31,341
0902.0276,Grobid,31,31,475
0902.0400,Custom,28,18,277
0902.0400,Grobid,29,17,673
0902.0043,Custom,19,12,187
0902.0043,Grobid,20,12,712
0902.0691,Custom,33,14,171
0902.0691,Grobid,33,15,429
0902.0571,Custom,107,76,1215
0902.0571,Grobid,107,76,1742
0902.0387,Custom,41,9,425
0902.0387,Grobid,41,9,377
0902.0458,Custom,31,21,287
0902.0458,Grobid,31,21,768
0902.0555,Custom,51,25,769
0902.0555,Grobid,51,25,685
0902.0572,Custom,28,17,340
0902.0572,Grobid,28,17,442
0902.0294,Custom,20,11,163
0902.0294,Grobid,20,11,490
0902.0668,Custom,20,12,164
0902.0668,Grobid,20,12,464
0902.0013,Custom,26,14,207
0902.0013,Grobid,30,14,809
0902.0011,Custom,12,11,241
0902.0011,Grobid,12,11,269
0902.0862,Custom,55,14,1517
0902.0862,Grobid,55,14,1248
0902.0586,Custom,25,22,218
0902.0586,Grobid,27,21,639
0902.0973,Custom,20,17,404
0902.0973,Grobid,20,17,887
0902.0167,Custom,24,12,239
0902.0167,Grobid,24,12,407
0902.0404,Custom,51,32,856
0902.0404,Grobid,51,32,1667
0902.0349,Custom,21,10,242
0902.0349,Grobid,22,10,849
0902.0256,Custom,21,7,140
0902.0256,Grobid,31,7,566
0902.0848,Custom,21,7,265
0902.0848,Grobid,21,7,310
0902.0029,Custom,21,9,116
0902.0029,Grobid,21,9,285
0902.0510,Custom,5,5,42
0902.0510,Grobid,5,5,120
0902.0433,Custom,10,3,127
0902.0433,Grobid,10,3,515
0902.0838,Custom,15,9,169
0902.0838,Grobid,16,9,603
0902.0513,Custom,23,10,543
0902.0513,Grobid,23,10,1443
0902.0697,Custom,19,11,473
0902.0697,Grobid,19,11,293
0902.0674,Custom,37,29,269
0902.0674,Grobid,38,29,789
0902.0378,Custom,28,17,119
0902.0378,Grobid,28,17,285
0902.0026,Custom,67,51,622
0902.0026,Grobid,67,51,1631
0902.0686,Custom,21,15,454
0902.0686,Grobid,21,15,339
0902.0211,Custom,56,14,1243
0902.0211,Grobid,56,14,1238
0902.0958,Custom,14,10,112
0902.0958,Grobid,14,10,305
0902.0936,Custom,22,15,460
0902.0936,Grobid,22,15,321
0902.0177,Custom,28,16,2545
0902.0177,Grobid,28,16,2093
0902.0960,Custom,7,1,100
0902.0960,Grobid,7,1,126
0902.0847,Custom,22,12,157
0902.0847,Grobid,22,12,414
0902.0488,Custom,21,15,169
0902.0488,Grobid,21,15,588
0902.0839,Custom,56,27,844
0902.0839,Grobid,57,27,1464
0902.0426,Custom,37,11,503
0902.0426,Grobid,37,11,459
0902.0394,Custom,66,54,419
0902.0394,Grobid,66,54,816
0902.0966,Custom,13,6,192
0902.0966,Grobid,14,6,713
0902.0181,Custom,12,9,197
0902.0181,Grobid,12,9,149
0902.0888,Custom,54,24,793
0902.0888,Grobid,57,25,1557
0902.0449,Custom,25,21,268
0902.0449,Grobid,26,21,1024
0902.0314,Custom,33,22,829
0902.0314,Grobid,33,22,917
0902.0058,Custom,11,2,130
0902.0058,Grobid,12,4,546
0902.0218,Custom,22,7,147
0902.0218,Grobid,23,7,323
0902.0146,Custom,54,36,657
0902.0146,Grobid,54,36,817
0902.0366,Custom,30,2,157
0902.0366,Grobid,30,2,305
0902.0406,Custom,11,8,249
0902.0406,Grobid,11,8,315
0902.0277,Custom,22,11,155
0902.0277,Grobid,23,11,462
0902.0044,Custom,18,15,310
0902.0044,Grobid,37,31,840
0902.0595,Custom,29,13,369
0902.0595,Grobid,29,13,559
0902.0223,Custom,16,10,176
0902.0223,Grobid,16,10,607
0902.0859,Custom,54,12,446
0902.0859,Grobid,54,12,703
0902.0768,Custom,31,12,203
0902.0768,Grobid,31,12,501
0902.0041,Custom,10,6,80
0902.0041,Grobid,10,6,273
0902.0774,Custom,27,14,516
0902.0774,Grobid,27,14,434
0902.0740,Custom,29,12,468
0902.0740,Grobid,29,12,601
0902.0655,Custom,40,37,384
0902.0655,Grobid,40,37,779
0902.0128,Custom,22,6,353
0902.0128,Grobid,22,6,402
0902.0442,Custom,14,11,114
0902.0442,Grobid,14,11,219
0902.0959,Custom,25,23,554
0902.0959,Grobid,25,23,477
0902.0307,Custom,52,33,753
0902.0307,Grobid,52,33,772
0902.0219,Custom,32,13,198
0902.0219,Grobid,33,13,571
0902.0441,Custom,22,18,94
0902.0441,Grobid,22,18,214
0902.0931,Custom,22,7,105
0902.0931,Grobid,22,8,336
0902.0939,Custom,20,9,123
0902.0939,Grobid,20,9,252
0902.0454,Custom,14,11,255
0902.0454,Grobid,14,11,369
0902.0024,Custom,15,12,125
0902.0024,Grobid,15,12,458
0902.0767,Custom,45,43,484
0902.0767,Grobid,45,43,531
0902.0850,Custom,17,10,469
0902.0850,Grobid,17,10,842
0902.0457,Custom,36,12,430
0902.0457,Grobid,36,12,395
0902.0577,Custom,57,27,617
0902.0577,Grobid,57,27,925
0902.0815,Custom,10,6,74
0902.0815,Grobid,10,6,243
0902.0338,Custom,98,54,1029
0902.0338,Grobid,98,54,1213
0902.0420,Custom,19,12,107
0902.0420,Grobid,19,12,252
0902.0700,Custom,15,5,295
0902.0700,Grobid,15,5,379
0902.0466,Custom,72,40,597
0902.0466,Grobid,72,40,778
0902.0453,Custom,33,10,201
0902.0453,Grobid,33,10,541
0902.0624,Custom,65,32,628
0902.0624,Grobid,65,32,923
0902.0885,Custom,20,12,279
0902.0885,Grobid,20,12,302
0902.0398,Custom,13,9,129
0902.0398,Grobid,13,9,120
0902.0371,Custom,79,43,625
0902.0371,Grobid,79,43,908
0902.0270,Custom,36,22,206
0902.0270,Grobid,36,23,442
0902.0809,Custom,69,1,770
0902.0809,Grobid,69,1,613
0902.0945,Custom,22,16,158
0902.0945,Grobid,22,15,328
0902.0364,Custom,43,25,244
0902.0364,Grobid,44,25,428
0902.0629,Custom,39,17,243
0902.0629,Grobid,39,17,684
0902.0132,Custom,122,51,2422
0902.0132,Grobid,122,51,2161
0902.0589,Custom,13,6,179
0902.0589,Grobid,13,6,193
0902.0395,Custom,23,15,323
0902.0395,Grobid,23,15,379
0902.0210,Custom,26,15,384
0902.0210,Grobid,26,15,684
0902.0829,Custom,10,6,131
0902.0829,Grobid,9,6,638
0902.0003,Custom,53,34,659
0902.0003,Grobid,53,34,1270
0902.0238,Custom,28,11,171
0902.0238,Grobid,28,13,302
0902.0501,Custom,52,51,489
0902.0501,Grobid,52,51,519
0902.0053,Custom,6,5,113
0902.0053,Grobid,6,5,211
0902.0967,Custom,32,18,518
0902.0967,Grobid,32,18,1387
0902.0670,Custom,19,18,211
0902.0670,Grobid,19,19,304
0902.0706,Custom,30,22,460
0902.0706,Grobid,31,22,848
0902.0209,Custom,2,0,21
0902.0209,Grobid,0,0,82
0902.0890,Custom,26,14,122
0902.0890,Grobid,26,14,295
0902.0558,Custom,24,10,211
0902.0558,Grobid,24,12,664
0902.0032,Custom,27,15,305
0902.0032,Grobid,27,15,374
0902.0615,Custom,40,30,538
0902.0615,Grobid,40,30,754
0902.0419,Custom,23,10,1952
0902.0419,Grobid,23,10,1593
0902.0902,Custom,16,13,176
0902.0902,Grobid,16,13,536
0902.0417,Custom,13,7,168
0902.0417,Grobid,13,7,384
0902.0758,Custom,73,35,787
0902.0758,Grobid,73,35,1362
0902.0477,Custom,15,15,147
0902.0477,Grobid,15,15,508
0902.0250,Custom,11,4,89
0902.0250,Grobid,15,4,394
0902.0661,Custom,15,6,131
0902.0661,Grobid,16,6,355
0902.0082,Custom,19,14,1646
0902.0082,Grobid,19,14,1320
0902.0415,Custom,11,7,118
0902.0415,Grobid,11,7,241
0902.0114,Custom,51,29,257
0902.0114,Grobid,51,29,610
0902.0123,Custom,34,7,346
0902.0123,Grobid,34,7,391
0902.0611,Custom,58,46,425
0902.0611,Grobid,60,45,993
0902.0487,Custom,65,37,938
0902.0487,Grobid,65,37,664
0902.0541,Custom,52,24,967
0902.0541,Grobid,52,24,1212
0902.0091,Custom,72,18,784
0902.0091,Grobid,72,18,823
0902.0097,Custom,10,6,86
0902.0097,Grobid,10,6,382
0902.0641,Custom,22,16,227
0902.0641,Grobid,22,17,864
0902.0597,Custom,17,6,779
0902.0597,Grobid,17,6,1090
0902.0263,Custom,15,8,720
0902.0263,Grobid,15,8,577
0902.0673,Custom,4,1,32
0902.0673,Grobid,5,1,102
0902.0319,Custom,7,2,228
0902.0319,Grobid,7,2,156
0902.0407,Custom,9,6,193
0902.0407,Grobid,9,6,367
0902.0040,Custom,29,28,426
0902.0040,Grobid,29,28,432
0902.0384,Custom,118,42,1046
0902.0384,Grobid,118,42,1484
0902.0741,Custom,52,27,498
0902.0741,Grobid,52,27,1036
0902.0576,Custom,19,18,306
0902.0576,Grobid,26,18,1318
0902.0719,Custom,23,17,332
0902.0719,Grobid,23,17,334
0902.0246,Custom,11,1,53
0902.0246,Grobid,11,1,149
0902.0230,Custom,20,16,114
0902.0230,Grobid,20,16,184
0902.0341,Custom,53,15,452
0902.0341,Grobid,53,15,1000
0902.0204,Custom,29,14,515
0902.0204,Grobid,29,14,1130
0902.0665,Custom,19,10,114
0902.0665,Grobid,19,10,409
0902.0537,Custom,57,18,1936
0902.0537,Grobid,57,18,1673
0902.0796,Custom,89,61,817
0902.0796,Grobid,89,61,1069
0902.0493,Custom,155,98,2759
0902.0493,Grobid,158,101,3469
0902.0193,Custom,102,74,758
0902.0193,Grobid,104,73,2411
0902.0780,Custom,39,23,185
0902.0780,Grobid,39,23,458
0902.0142,Custom,29,18,668
0902.0142,Grobid,29,18,639
0902.0208,Custom,91,54,2144
0902.0208,Grobid,91,54,1721
0902.0835,Custom,21,12,1433
0902.0835,Grobid,21,12,1168
0902.0969,Custom,5,2,69
0902.0969,Grobid,5,2,155
0902.0185,Custom,23,3,218
0902.0185,Grobid,23,3,703
0902.0462,Custom,18,8,244
0902.0462,Grobid,18,8,383
0902.0064,Custom,69,39,2607
0902.0064,Grobid,69,39,2029
0902.0972,Custom,37,31,304
0902.0972,Grobid,37,31,556
0902.0748,Custom,35,19,273
0902.0748,Grobid,36,20,597
0902.0644,Custom,10,7,250
0902.0644,Grobid,10,7,188
0902.0877,Custom,14,9,212
0902.0877,Grobid,16,9,795
0902.0358,Custom,22,7,366
0902.0358,Grobid,22,7,349
0902.0025,Custom,15,12,190
0902.0025,Grobid,15,12,756
0902.0206,Custom,0,0,650
0902.0206,Grobid,0,0,550
0902.0258,Custom,24,15,128
0902.0258,Grobid,23,14,369
0902.0101,Custom,24,19,247
0902.0101,Grobid,24,19,806
0902.0241,Custom,9,8,94
0902.0241,Grobid,9,9,319
0902.0094,Custom,17,17,637
0902.0094,Grobid,17,17,804
0902.0257,Custom,84,47,1306
0902.0257,Grobid,84,47,1381
0902.0608,Custom,79,41,806
0902.0608,Grobid,79,41,1033
0902.0134,Custom,9,7,134
0902.0134,Grobid,9,7,283
0902.0977,Custom,34,23,492
0902.0977,Grobid,34,23,717
0902.0061,Custom,20,6,137
0902.0061,Grobid,20,6,419
0902.0910,Custom,13,6,216
0902.0910,Grobid,13,6,398
0902.0739,Custom,33,17,139
0902.0739,Grobid,33,17,338
0902.0195,Custom,16,14,340
0902.0195,Grobid,16,14,782
0902.0067,Custom,10,3,110
0902.0067,Grobid,9,2,471
0902.0709,Custom,24,20,467
0902.0709,Grobid,24,20,936
0902.0642,Custom,22,10,175
0902.0642,Grobid,16,8,321
0902.0414,Custom,9,6,107
0902.0414,Grobid,9,6,93
0902.0549,Custom,8,6,64
0902.0549,Grobid,8,6,210
0902.0634,Custom,11,2,77
0902.0634,Grobid,11,2,250
0902.0561,Custom,19,7,187
0902.0561,Grobid,19,7,238
0902.0035,Custom,6,5,175
0902.0035,Grobid,6,5,212
0902.0213,Custom,175,154,2214
0902.0213,Grobid,175,154,2284
0902.0312,Custom,15,9,121
0902.0312,Grobid,15,9,340
0902.0125,Custom,145,71,2222
0902.0125,Grobid,145,71,1889
0902.0925,Custom,12,4,173
0902.0925,Grobid,12,4,543
0902.0425,Custom,93,43,1080
0902.0425,Grobid,93,43,973
0902.0342,Custom,15,8,104
0902.0342,Grobid,15,8,264
0902.0010,Custom,11,7,227
0902.0010,Grobid,11,7,203
0902.0666,Custom,26,15,165
0902.0666,Grobid,26,15,340
0902.0141,Custom,5,1,267
0902.0141,Grobid,5,1,230
0902.0475,Custom,110,60,513
0902.0475,Grobid,110,60,1024
0902.0234,Custom,52,30,308
0902.0234,Grobid,52,30,805
0902.0664,Custom,36,29,461
0902.0664,Grobid,36,29,514
0902.0120,Custom,1,1,71
0902.0120,Grobid,1,1,277
0902.0776,Custom,8,4,258
0902.0776,Grobid,8,4,344
0902.0482,Custom,26,15,266
0902.0482,Grobid,28,15,873
0902.0952,Custom,64,49,1023
0902.0952,Grobid,64,49,1231
0902.0355,Custom,29,13,358
0902.0355,Grobid,29,13,491
0902.0190,Custom,161,117,1397
0902.0190,Grobid,169,117,1745
0902.0860,Custom,45,1,274
0902.0860,Grobid,45,1,374
0902.0266,Custom,7,2,38
0902.0266,Grobid,7,2,105
0902.0445,Custom,20,19,268
0902.0445,Grobid,20,19,486
0902.0684,Custom,25,15,229
0902.0684,Grobid,25,15,817
0902.0111,Custom,48,35,237
0902.0111,Grobid,48,35,530
0902.0893,Custom,38,35,255
0902.0893,Grobid,38,35,591
0902.0077,Custom,60,31,1020
0902.0077,Grobid,71,34,1060
0902.0489,Custom,27,6,164
0902.0489,Grobid,26,6,341
0902.0325,Custom,15,9,107
0902.0325,Grobid,15,9,456
0902.0467,Custom,18,12,124
0902.0467,Grobid,18,12,420
0902.0725,Custom,11,0,197
0902.0725,Grobid,11,1,457
0902.0444,Custom,8,1,221
0902.0444,Grobid,8,1,179
0902.0844,Custom,19,9,1161
0902.0844,Grobid,19,9,926
0902.0692,Custom,46,25,364
0902.0692,Grobid,48,28,1169
0902.0273,Custom,44,29,349
0902.0273,Grobid,39,29,590
0902.0679,Custom,42,19,1437
0902.0679,Grobid,42,19,1316
0902.0410,Custom,16,12,136
0902.0410,Grobid,16,12,324
0902.0528,Custom,9,1,139
0902.0528,Grobid,9,1,110
0902.0787,Custom,12,4,192
0902.0787,Grobid,12,4,262
0902.0096,Custom,10,4,250
0902.0096,Grobid,10,4,492
0902.0122,Custom,29,14,459
0902.0122,Grobid,29,14,443
0902.0048,Custom,64,33,574
0902.0048,Grobid,64,33,716
0902.0118,Custom,15,12,135
0902.0118,Grobid,17,13,499
0902.0568,Custom,0,0,569
0902.0568,Grobid,0,0,471
0902.0533,Custom,40,8,530
0902.0533,Grobid,40,8,570
0902.0236,Custom,37,20,1975
0902.0236,Grobid,37,20,1698
0902.0693,Custom,27,20,312
0902.0693,Grobid,26,20,899
0902.0963,Custom,25,23,155
0902.0963,Grobid,25,23,500
0902.0504,Custom,24,5,130
0902.0504,Grobid,24,5,410
0902.0362,Custom,44,18,419
0902.0362,Grobid,44,18,835
0902.0285,Custom,26,14,199
0902.0285,Grobid,27,14,630
0902.0858,Custom,29,15,149
0902.0858,Grobid,30,15,319
0902.0322,Custom,24,7,220
0902.0322,Grobid,25,7,783
0902.0883,Custom,39,22,540
0902.0883,Grobid,39,22,430
0902.0212,Custom,32,12,480
0902.0212,Grobid,37,12,1075
0902.0733,Custom,29,28,403
0902.0733,Grobid,29,28,644
0902.0688,Custom,11,8,147
0902.0688,Grobid,11,9,462
0902.0825,Custom,63,23,666
0902.0825,Grobid,63,23,1512
0902.0715,Custom,14,2,118
0902.0715,Grobid,15,2,262
0902.0165,Custom,24,16,119
0902.0165,Grobid,24,16,308
0902.0440,Custom,15,11,231
0902.0440,Grobid,7,5,981
0902.0087,Custom,31,27,2135
0902.0087,Grobid,31,27,1710
0902.0113,Custom,34,24,196
0902.0113,Grobid,34,24,352
0902.0903,Custom,40,14,477
0902.0903,Grobid,40,14,761
0902.0653,Custom,111,78,1460
0902.0653,Grobid,111,78,1273
0902.0023,Custom,37,13,546
0902.0023,Grobid,37,13,870
0902.0153,Custom,31,16,327
0902.0153,Grobid,34,16,403
0902.0976,Custom,33,10,333
0902.0976,Grobid,33,10,384
0902.0086,Custom,22,13,146
0902.0086,Grobid,27,13,444
0902.0824,Custom,33,14,224
0902.0824,Grobid,33,14,684
0902.0321,Custom,51,39,736
0902.0321,Grobid,51,39,1379
0902.0754,Custom,38,10,2091
0902.0754,Grobid,38,10,1726
0902.0505,Custom,38,19,800
0902.0505,Grobid,38,19,549
0902.0573,Custom,28,17,401
0902.0573,Grobid,28,17,342
0902.0683,Custom,33,18,480
0902.0683,Grobid,33,18,480
0902.0646,Custom,32,26,308
0902.0646,Grobid,32,26,1124
0902.0046,Custom,16,4,195
0902.0046,Grobid,16,4,234
0902.0801,Custom,28,21,320
0902.0801,Grobid,28,22,1159
0902.0941,Custom,28,12,152
0902.0941,Grobid,28,12,344
0902.0511,Custom,24,16,190
0902.0511,Grobid,26,16,522
0902.0779,Custom,26,21,1772
0902.0779,Grobid,26,21,1507
0902.0203,Custom,26,16,244
0902.0203,Grobid,26,17,1001
0902.0357,Custom,54,38,510
0902.0357,Grobid,54,38,619
0902.0569,Custom,91,81,768
0902.0569,Grobid,91,81,1245
0902.0645,Custom,27,22,286
0902.0645,Grobid,27,22,967
0902.0884,Custom,16,9,141
0902.0884,Grobid,17,9,517
0902.0652,Custom,22,13,141
0902.0652,Grobid,22,13,298
0902.0842,Custom,12,7,314
0902.0842,Grobid,17,7,637
0902.0264,Custom,12,10,148
0902.0264,Grobid,12,10,224
0902.0647,Custom,42,19,392
0902.0647,Grobid,42,19,617
0902.0225,Custom,30,23,252
0902.0225,Grobid,31,23,597
0902.0279,Custom,16,8,286
0902.0279,Grobid,16,8,489
0902.0049,Custom,29,26,853
0902.0049,Grobid,29,26,1115
0902.0173,Custom,17,1,153
0902.0173,Grobid,17,2,430
0902.0138,Custom,9,2,51
0902.0138,Grobid,9,2,146
0902.0156,Custom,75,21,212
0902.0156,Grobid,75,21,438
0902.0045,Custom,24,17,239
0902.0045,Grobid,24,17,406
0902.0380,Custom,61,42,636
0902.0380,Grobid,61,42,801
0902.0478,Custom,39,22,422
0902.0478,Grobid,39,22,454
0902.0443,Custom,0,0,817
0902.0443,Grobid,0,0,563
0902.0220,Custom,27,12,352
0902.0220,Grobid,27,12,315
0902.0906,Custom,26,18,374
0902.0906,Grobid,26,18,368
0902.0820,Custom,54,24,400
0902.0820,Grobid,54,24,484
0902.0240,Custom,55,38,694
0902.0240,Grobid,55,38,950
0902.0663,Custom,43,24,798
0902.0663,Grobid,43,24,584
0902.0012,Custom,30,12,120
0902.0012,Grobid,29,12,302
0902.0136,Custom,31,27,638
0902.0136,Grobid,31,27,466
0902.0757,Custom,22,13,271
0902.0757,Grobid,22,13,271
0902.0169,Custom,28,6,317
0902.0169,Grobid,28,6,415
0902.0797,Custom,8,6,206
0902.0797,Grobid,8,6,185
0902.0423,Custom,26,12,356
0902.0423,Grobid,26,12,627
0902.0897,Custom,28,3,264
0902.0897,Grobid,28,3,558
0902.0830,Custom,10,4,925
0902.0830,Grobid,10,4,439
0902.0737,Custom,62,37,620
0902.0737,Grobid,62,37,792
0902.0716,Custom,89,83,634
0902.0716,Grobid,90,82,704
0902.0563,Custom,9,0,204
0902.0563,Grobid,9,0,144
0902.0841,Custom,9,7,3388
0902.0841,Grobid,9,7,2857
0902.0112,Custom,31,26,347
0902.0112,Grobid,31,26,737
0902.0800,Custom,37,33,270
0902.0800,Grobid,37,33,536
0902.0669,Custom,43,24,293
0902.0669,Grobid,45,24,648
0902.0217,Custom,15,6,188
0902.0217,Grobid,15,6,212
0902.0540,Custom,21,10,1868
0902.0540,Grobid,21,10,1642
0902.0092,Custom,11,10,209
0902.0092,Grobid,11,10,155
0902.0956,Custom,47,43,2773
0902.0956,Grobid,47,43,2477
0902.0316,Custom,22,16,161
0902.0316,Grobid,23,16,429
0902.0021,Custom,19,11,268
0902.0021,Grobid,19,11,227
0902.0215,Custom,37,21,307
0902.0215,Grobid,37,21,747
0902.0144,Custom,43,28,441
0902.0144,Grobid,80,51,1199
0902.0667,Custom,7,3,347
0902.0667,Grobid,7,3,274
0902.0753,Custom,0,0,263
0902.0753,Grobid,0,0,212
0902.0777,Custom,68,45,527
0902.0777,Grobid,71,43,1288
0902.0020,Custom,44,19,311
0902.0020,Grobid,44,19,911
0902.0327,Custom,0,0,881
0902.0327,Grobid,0,0,631
0902.0392,Custom,22,11,186
0902.0392,Grobid,22,11,462
0902.0072,Custom,38,20,338
0902.0072,Grobid,38,20,331
0902.0199,Custom,1,0,30
0902.0199,Grobid,2,0,155
0902.0707,Custom,18,6,649
0902.0707,Grobid,18,6,376
0902.0383,Custom,19,13,137
0902.0383,Grobid,19,12,415
0902.0030,Custom,45,45,468
0902.0030,Grobid,45,45,707
0902.0461,Custom,19,14,225
0902.0461,Grobid,20,18,476
0902.0566,Custom,64,35,1119
0902.0566,Grobid,64,35,948
0902.0237,Custom,45,28,155
0902.0237,Grobid,45,28,321
0902.0631,Custom,34,18,151
0902.0631,Grobid,34,18,307
0902.0826,Custom,3,0,23
0902.0826,Grobid,3,0,70
0902.0821,Custom,15,14,201
0902.0821,Grobid,15,14,168
0902.0955,Custom,56,30,1814
0902.0955,Grobid,56,30,1614
0902.0559,Custom,103,61,869
0902.0559,Grobid,103,61,1058
0902.0675,Custom,88,37,737
0902.0675,Grobid,88,37,1017
0902.0252,Custom,14,2,256
0902.0252,Grobid,14,2,234
0902.0438,Custom,11,3,308
0902.0438,Grobid,11,3,261
0902.0793,Custom,55,35,661
0902.0793,Grobid,55,35,1121
0902.0562,Custom,36,31,337
0902.0562,Grobid,36,31,817
0902.0262,Custom,51,28,484
0902.0262,Grobid,51,28,509
0902.0870,Custom,7,2,158
0902.0870,Grobid,7,2,192
0902.0894,Custom,36,22,429
0902.0894,Grobid,36,22,663
0902.0805,Custom,30,27,297
0902.0805,Grobid,29,27,603
0902.0412,Custom,7,4,42
0902.0412,Grobid,7,4,122
0902.0469,Custom,34,15,295
0902.0469,Grobid,34,15,947
0902.0186,Custom,13,5,89
0902.0186,Grobid,13,5,238
0902.0486,Custom,44,39,385
0902.0486,Grobid,44,39,340
0902.0363,Custom,88,26,830
0902.0363,Grobid,88,26,1353
0902.0028,Custom,19,18,145
0902.0028,Grobid,18,17,390
0902.0232,Custom,19,7,174
0902.0232,Grobid,19,7,397
0902.0473,Custom,39,33,532
0902.0473,Grobid,39,33,878
0902.0772,Custom,12,8,111
0902.0772,Grobid,12,8,212
0902.0280,Custom,10,1,88
0902.0280,Grobid,13,1,323
0902.0604,Custom,60,22,490
0902.0604,Grobid,60,22,463
0902.0460,Custom,16,9,119
0902.0460,Grobid,16,9,313
0902.0827,Custom,32,2,358
0902.0827,Grobid,46,6,646
0902.0789,Custom,9,5,77
0902.0789,Grobid,10,5,242
0902.0499,Custom,46,20,497
0902.0499,Grobid,46,20,609
0902.0517,Custom,44,27,492
0902.0517,Grobid,45,27,717
0902.0267,Custom,25,8,129
0902.0267,Grobid,25,8,341
0902.0108,Custom,14,11,234
0902.0108,Grobid,14,11,188
0902.0359,Custom,19,13,153
0902.0359,Grobid,19,13,396
0902.0811,Custom,31,16,462
0902.0811,Grobid,31,16,447
0902.0744,Custom,41,10,566
0902.0744,Grobid,41,10,627
0902.0913,Custom,20,5,207
0902.0913,Grobid,20,5,193
0902.0074,Custom,21,7,122
0902.0074,Grobid,22,7,314
0902.0231,Custom,9,4,68
0902.0231,Grobid,9,4,250
0902.0050,Custom,17,9,80
0902.0050,Grobid,16,9,214
0902.0524,Custom,18,12,169
0902.0524,Grobid,18,12,457
0902.0851,Custom,77,56,905
0902.0851,Grobid,77,56,1068
0902.0337,Custom,39,27,391
0902.0337,Grobid,39,27,908
0902.0292,Custom,55,37,390
0902.0292,Grobid,55,37,562
0902.0949,Custom,16,11,146
0902.0949,Grobid,16,11,454
0902.0154,Custom,33,12,2009
0902.0154,Grobid,33,12,1777
0902.0807,Custom,27,10,269
0902.0807,Grobid,29,12,878
0902.0522,Custom,53,19,634
0902.0522,Grobid,53,19,1194
0902.0052,Custom,73,45,1525
0902.0052,Grobid,73,45,2366
0902.0627,Custom,62,29,796
0902.0627,Grobid,62,29,1143
0902.0476,Custom,48,32,629
0902.0476,Grobid,48,32,808
0902.0626,Custom,41,22,321
0902.0626,Grobid,41,22,753
0902.0804,Custom,1,0,72
0902.0804,Grobid,2,0,425
0902.0229,Custom,58,16,626
0902.0229,Grobid,58,16,1157
0902.0900,Custom,3,2,2335
0902.0900,Grobid,3,2,1926
0902.0657,Custom,23,15,1454
0902.0657,Grobid,23,15,1105
0902.0750,Custom,10,6,76
0902.0750,Grobid,10,6,155
0902.0930,Custom,25,12,357
0902.0930,Grobid,25,12,406
0902.0833,Custom,14,8,171
0902.0833,Grobid,14,8,671
0902.0268,Custom,27,18,226
0902.0268,Grobid,28,18,851
0902.0613,Custom,35,22,318
0902.0613,Grobid,35,22,311
0902.0909,Custom,15,15,123
0902.0909,Grobid,14,13,262
0902.0346,Custom,96,78,1096
0902.0346,Grobid,96,78,1108
0902.0354,Custom,10,7,124
0902.0354,Grobid,10,7,369
0902.0356,Custom,21,14,208
0902.0356,Grobid,21,15,737
0902.0502,Custom,34,13,249
0902.0502,Grobid,34,13,283
0902.0948,Custom,32,30,2071
0902.0948,Grobid,32,30,1676
0902.0151,Custom,19,10,331
0902.0151,Grobid,19,10,291
0902.0117,Custom,10,4,175
0902.0117,Grobid,10,4,210
0902.0828,Custom,24,16,181
0902.0828,Grobid,24,16,449
0902.0506,Custom,10,6,244
0902.0506,Grobid,9,6,414
0902.0004,Custom,43,18,1022
0902.0004,Grobid,43,18,972
0902.0724,Custom,41,25,557
0902.0724,Grobid,41,25,691
0902.0648,Custom,35,12,305
0902.0648,Grobid,35,14,891
0902.0062,Custom,11,8,115
0902.0062,Grobid,11,8,489
0902.0126,Custom,5,4,142
0902.0126,Grobid,5,4,233
0902.0051,Custom,7,5,87
0902.0051,Grobid,7,5,394
0902.0899,Custom,0,0,876
0902.0899,Grobid,0,0,717
0902.0953,Custom,24,17,310
0902.0953,Grobid,24,17,540
0902.0600,Custom,29,13,327
0902.0600,Grobid,35,15,1118
0902.0682,Custom,36,17,473
0902.0682,Grobid,36,17,651
0902.0729,Custom,15,14,188
0902.0729,Grobid,15,14,672
0902.0497,Custom,0,0,1024
0902.0497,Grobid,0,0,833
0902.0367,Custom,39,34,330
0902.0367,Grobid,39,34,719
0902.0007,Custom,46,21,483
0902.0007,Grobid,46,21,1202
0902.0872,Custom,26,21,291
0902.0872,Grobid,26,21,477
0902.0278,Custom,19,6,242
0902.0278,Grobid,19,6,189
0902.0265,Custom,48,29,317
0902.0265,Grobid,50,30,580
0902.0297,Custom,22,14,210
0902.0297,Grobid,22,14,755
0902.0334,Custom,51,48,330
0902.0334,Grobid,52,49,622
0902.0080,Custom,57,30,1542
0902.0080,Grobid,57,30,1069
0902.0798,Custom,10,1,65
0902.0798,Grobid,11,1,162
0902.0660,Custom,57,29,627
0902.0660,Grobid,57,29,812
0902.0178,Custom,17,4,131
0902.0178,Grobid,17,4,477
0902.0465,Custom,16,6,248
0902.0465,Grobid,16,6,255
0902.0456,Custom,32,9,125
0902.0456,Grobid,32,9,289
0902.0681,Custom,31,23,325
0902.0681,Grobid,32,24,1153
0902.0060,Custom,23,20,152
0902.0060,Grobid,51,39,507
0902.0069,Custom,50,25,597
0902.0069,Grobid,50,25,859
0902.0309,Custom,16,10,94
0902.0309,Grobid,16,10,250
0902.0659,Custom,26,17,200
0902.0659,Grobid,26,17,705
0902.0968,Custom,35,12,269
0902.0968,Grobid,35,12,292
0902.0782,Custom,9,7,111
0902.0782,Grobid,9,9,375
0902.0790,Custom,56,38,551
0902.0790,Grobid,56,38,1446
0902.0916,Custom,25,10,133
0902.0916,Grobid,25,10,261
0902.0544,Custom,21,13,371
0902.0544,Grobid,22,13,703
0902.0932,Custom,19,6,110
0902.0932,Grobid,19,6,289
0902.0416,Custom,75,38,1282
0902.0416,Grobid,75,38,1758
0902.0610,Custom,58,28,809
0902.0610,Grobid,58,28,1086
0902.0157,Custom,4,1,67
0902.0157,Grobid,4,1,324
0902.0654,Custom,22,3,204
0902.0654,Grobid,22,4,832
0902.0819,Custom,42,21,255
0902.0819,Grobid,42,21,635
0902.0078,Custom,29,23,334
0902.0078,Grobid,29,23,378
0902.0818,Custom,25,14,211
0902.0818,Grobid,25,13,400
0902.0452,Custom,26,17,760
0902.0452,Grobid,26,17,865
0902.0643,Custom,57,16,830
0902.0643,Grobid,57,16,1399
0902.0148,Custom,39,24,320
0902.0148,Grobid,39,24,1008
0902.0303,Custom,0,0,295
0902.0303,Grobid,0,0,244
0902.0584,Custom,7,5,272
0902.0584,Grobid,7,5,228
0902.0065,Custom,21,13,133
0902.0065,Grobid,20,13,316
0902.0637,Custom,19,8,129
0902.0637,Grobid,20,8,367
0902.0603,Custom,21,10,220
0902.0603,Grobid,21,10,311
0902.0474,Custom,14,9,325
0902.0474,Grobid,14,9,375
0902.0759,Custom,44,13,690
0902.0759,Grobid,44,13,664
0902.0538,Custom,48,36,341
0902.0538,Grobid,50,35,875
0902.0751,Custom,34,28,471
0902.0751,Grobid,34,28,739
0902.0131,Custom,62,34,773
0902.0131,Grobid,56,34,954
0902.0160,Custom,81,80,1602
0902.0160,Grobid,81,80,1673
0902.0133,Custom,93,67,1778
0902.0133,Grobid,93,67,1588
0902.0226,Custom,16,5,125
0902.0226,Grobid,16,5,442
0902.0635,Custom,27,17,150
0902.0635,Grobid,26,17,325
0902.0037,Custom,8,1,225
0902.0037,Grobid,8,1,199
0902.0328,Custom,57,16,676
0902.0328,Grobid,57,16,964
0902.0917,Custom,34,17,385
0902.0917,Grobid,34,17,463
0902.0451,Custom,6,5,71
0902.0451,Grobid,7,5,250
0902.0575,Custom,38,32,591
0902.0575,Grobid,39,32,1056
0902.0143,Custom,22,19,125
0902.0143,Grobid,22,19,298
0902.0179,Custom,34,21,247
0902.0179,Grobid,34,21,778
0902.0612,Custom,40,9,1535
0902.0612,Grobid,40,9,1312
0902.0529,Custom,12,8,135
0902.0529,Grobid,15,8,453
0902.0129,Custom,113,107,764
0902.0129,Grobid,113,107,830
0902.0846,Custom,29,15,936
0902.0846,Grobid,29,15,1318
0902.0088,Custom,0,0,2155
0902.0088,Grobid,0,0,1784
0902.0434,Custom,34,28,3164
0902.0434,Grobid,34,28,2380
0902.0519,Custom,14,8,109
0902.0519,Grobid,14,8,228
0902.0235,Custom,17,8,289
0902.0235,Grobid,17,8,574
0902.0874,Custom,47,18,325
0902.0874,Grobid,47,18,658
0902.0214,Custom,21,9,212
0902.0214,Grobid,21,9,213
0902.0853,Custom,80,56,616
0902.0853,Grobid,80,56,686
0902.0405,Custom,52,7,1417
0902.0405,Grobid,52,7,1208
0902.0479,Custom,32,29,440
0902.0479,Grobid,32,29,550
0902.0450,Custom,63,26,698
0902.0450,Grobid,63,26,817
0902.0158,Custom,34,24,292
0902.0158,Grobid,36,24,918
0902.0301,Custom,58,11,839
0902.0301,Grobid,58,11,740
0902.0599,Custom,53,33,1108
0902.0599,Grobid,53,33,911
0902.0623,Custom,2,0,25
0902.0623,Grobid,2,0,108
0902.0616,Custom,31,29,282
0902.0616,Grobid,31,29,1024
0902.0318,Custom,50,11,341
0902.0318,Grobid,50,11,457
0902.0727,Custom,16,12,194
0902.0727,Grobid,17,12,787
0902.0810,Custom,67,51,926
0902.0810,Grobid,67,51,1559
0902.0760,Custom,21,11,227
0902.0760,Grobid,20,13,559
0902.0628,Custom,21,18,160
0902.0628,Grobid,23,18,390
0902.0581,Custom,30,24,287
0902.0581,Grobid,30,24,284
0902.0656,Custom,21,3,408
0902.0656,Grobid,21,3,599
0902.0496,Custom,13,8,93
0902.0496,Grobid,13,8,279
0902.0197,Custom,21,12,161
0902.0197,Grobid,21,12,581
0902.0775,Custom,126,84,1077
0902.0775,Grobid,126,84,1298
0902.0288,Custom,57,29,369
0902.0288,Grobid,57,29,678
0902.0560,Custom,41,23,514
0902.0560,Grobid,41,23,763
0902.0771,Custom,7,4,116
0902.0771,Grobid,7,4,601
0902.0344,Custom,47,22,925
0902.0344,Grobid,47,22,1096
0902.0875,Custom,16,1,475
0902.0875,Grobid,16,1,464
0902.0470,Custom,20,11,270
0902.0470,Grobid,20,11,297
0902.0311,Custom,94,33,2165
0902.0311,Grobid,94,33,1897
0902.0607,Custom,58,45,271
0902.0607,Grobid,59,44,633
0902.0806,Custom,31,1,176
0902.0806,Grobid,31,1,370
0902.0370,Custom,23,2,214
0902.0370,Grobid,23,2,205
0902.0038,Custom,11,6,213
0902.0038,Grobid,11,6,203
0902.0975,Custom,29,3,158
0902.0975,Grobid,29,3,355
0902.0093,Custom,31,14,287
0902.0093,Grobid,31,14,498
0902.0127,Custom,10,6,96
0902.0127,Grobid,10,6,338
0902.0651,Custom,285,254,2566
0902.0651,Grobid,286,254,4809
0902.0198,Custom,18,16,186
0902.0198,Grobid,20,16,649
0902.0361,Custom,30,2,244
0902.0361,Grobid,30,2,268
0902.0304,Custom,7,2,83
0902.0304,Grobid,7,2,256
0902.0689,Custom,125,101,939
0902.0689,Grobid,125,101,1099
0902.0552,Custom,16,11,309
0902.0552,Grobid,16,11,728
0902.0783,Custom,30,4,116
0902.0783,Grobid,30,4,353
0902.0933,Custom,45,13,762
0902.0933,Grobid,45,13,1428
0902.0401,Custom,11,9,97
0902.0401,Grobid,11,9,264
0902.0822,Custom,10,8,110
0902.0822,Grobid,11,8,334
0902.0418,Custom,36,32,754
0902.0418,Grobid,36,32,609
0902.0345,Custom,102,73,4499
0902.0345,Grobid,102,73,3342
0902.0255,Custom,3,0,163
0902.0255,Grobid,3,0,194
0902.0722,Custom,22,10,213
0902.0722,Grobid,23,13,730
0902.0286,Custom,36,10,442
0902.0286,Grobid,37,10,804
0902.0708,Custom,19,9,1387
0902.0708,Grobid,19,9,1125
0902.0580,Custom,20,11,119
0902.0580,Grobid,20,12,257
0902.0738,Custom,28,21,156
0902.0738,Grobid,28,21,435
0902.0587,Custom,40,20,381
0902.0587,Grobid,40,20,496
0902.0926,Custom,24,16,591
0902.0926,Grobid,24,16,693
0902.0520,Custom,14,10,205
0902.0520,Grobid,14,10,224
0902.0649,Custom,14,7,360
0902.0649,Grobid,27,14,869
0902.0447,Custom,22,15,280
0902.0447,Grobid,24,15,1248
0902.0745,Custom,74,24,1023
0902.0745,Grobid,74,24,768
0902.0816,Custom,8,0,167
0902.0816,Grobid,8,0,138
0902.0481,Custom,12,5,848
0902.0481,Grobid,12,5,596
0902.0369,Custom,33,5,485
0902.0369,Grobid,33,5,786
0902.0565,Custom,18,12,174
0902.0565,Grobid,18,12,628
0902.0676,Custom,18,13,253
0902.0676,Grobid,17,12,796
0902.0543,Custom,1,1,309
0902.0543,Grobid,1,1,126
0902.0592,Custom,27,17,460
0902.0592,Grobid,27,17,482
0902.0110,Custom,58,15,8881
0902.0110,Grobid,58,15,8184
0902.0330,Custom,47,33,370
0902.0330,Grobid,47,34,800
0902.0005,Custom,32,6,444
0902.0005,Grobid,32,6,400
0902.0726,Custom,27,15,663
0902.0726,Grobid,27,15,984
0902.0375,Custom,50,48,1839
0902.0375,Grobid,50,48,1559
0902.0650,Custom,61,53,531
0902.0650,Grobid,61,53,665
0902.0734,Custom,46,29,357
0902.0734,Grobid,46,29,988
0902.0422,Custom,11,6,269
0902.0422,Grobid,14,6,1313
0902.0393,Custom,29,15,145
0902.0393,Grobid,29,16,315
0902.0630,Custom,20,15,266
0902.0630,Grobid,20,15,877
0902.0468,Custom,17,11,295
0902.0468,Grobid,17,11,364
0902.0446,Custom,42,24,549
0902.0446,Grobid,42,24,422
0902.0163,Custom,35,15,243
0902.0163,Grobid,35,15,301
0902.0261,Custom,35,27,376
0902.0261,Grobid,46,26,1256
0902.0413,Custom,20,12,1902
0902.0413,Grobid,20,12,1536
0902.0620,Custom,34,19,383
0902.0620,Grobid,34,20,1252
0902.0901,Custom,6,3,152
0902.0901,Grobid,6,3,182
0902.0720,Custom,40,27,528
0902.0720,Grobid,40,27,661
0902.0275,Custom,40,20,755
0902.0275,Grobid,40,20,1421
0902.0792,Custom,44,38,558
0902.0792,Grobid,44,38,783
0902.0732,Custom,54,33,548
0902.0732,Grobid,54,33,865
0902.0778,Custom,25,8,231
0902.0778,Grobid,25,8,217
0902.0672,Custom,14,11,143
0902.0672,Grobid,15,11,586
0902.0194,Custom,29,15,1546
0902.0194,Grobid,29,15,1250
0902.0542,Custom,0,0,349
0902.0542,Grobid,0,0,290
0902.0525,Custom,25,14,420
0902.0525,Grobid,25,14,505
0902.0632,Custom,12,4,110
0902.0632,Grobid,13,5,251
0902.0399,Custom,37,19,4220
0902.0399,Grobid,37,19,3616
0902.0104,Custom,14,9,121
0902.0104,Grobid,15,8,469
0902.0940,Custom,9,4,98
0902.0940,Grobid,9,4,368
0902.0099,Custom,77,45,1351
0902.0099,Grobid,80,48,1768
0902.0556,Custom,53,10,393
0902.0556,Grobid,54,13,1223
0902.0243,Custom,67,26,3227
0902.0243,Grobid,67,26,2635
0902.0135,Custom,12,12,142
0902.0135,Grobid,12,12,521
0902.0583,Custom,6,2,60
0902.0583,Grobid,6,2,216
0902.0339,Custom,49,37,284
0902.0339,Grobid,49,37,757
0902.0095,Custom,33,21,262
0902.0095,Grobid,33,21,561
0902.0717,Custom,73,42,635
0902.0717,Grobid,73,42,847
0902.0293,Custom,262,128,8615
0902.0293,Grobid,262,128,7584
0902.0731,Custom,40,16,306
0902.0731,Grobid,40,16,392
0902.0508,Custom,29,14,353
0902.0508,Grobid,29,14,1398
0902.0921,Custom,26,10,218
0902.0921,Grobid,27,14,669
0902.0803,Custom,24,18,180
0902.0803,Grobid,24,18,397
0902.0076,Custom,40,23,285
0902.0076,Grobid,31,19,699
0902.0690,Custom,19,10,203
0902.0690,Grobid,20,11,763
0902.0602,Custom,36,17,411
0902.0602,Grobid,36,17,460
0902.0723,Custom,33,22,391
0902.0723,Grobid,33,22,563
0902.0389,Custom,55,30,389
0902.0389,Grobid,56,29,620
0902.0889,Custom,34,19,539
0902.0889,Grobid,34,19,751
0902.0402,Custom,28,7,500
0902.0402,Grobid,28,7,344
0902.0869,Custom,24,19,238
0902.0869,Grobid,28,18,852
0902.0018,Custom,13,9,106
0902.0018,Grobid,13,9,295
0902.0200,Custom,24,13,214
0902.0200,Grobid,24,13,271
0902.0962,Custom,30,10,366
0902.0962,Grobid,30,10,341
0902.0713,Custom,2,2,70
0902.0713,Grobid,2,2,57
0902.0515,Custom,15,0,175
0902.0515,Grobid,15,0,239
0902.0360,Custom,5,2,49
0902.0360,Grobid,5,2,215
0902.0553,Custom,23,21,148
0902.0553,Grobid,24,21,334
0902.0244,Custom,10,5,93
0902.0244,Grobid,11,5,371
0902.0619,Custom,37,22,762
0902.0619,Grobid,37,22,745
0902.0164,Custom,24,14,1575
0902.0164,Grobid,24,14,1308
0902.0295,Custom,27,21,267
0902.0295,Grobid,27,21,330
0902.0873,Custom,7,4,63
0902.0873,Grobid,7,4,230
0902.0785,Custom,60,38,1086
0902.0785,Grobid,60,38,961
0902.0381,Custom,28,18,324
0902.0381,Grobid,28,18,424
0902.0621,Custom,18,17,414
0902.0621,Grobid,18,17,1130
0902.0100,Custom,25,14,376
0902.0100,Grobid,25,14,756
0902.0224,Custom,74,40,570
0902.0224,Grobid,74,40,1069
0902.0284,Custom,42,10,519
0902.0284,Grobid,42,10,458
0902.0971,Custom,20,10,428
0902.0971,Grobid,20,10,373
0902.0228,Custom,33,19,168
0902.0228,Grobid,36,17,314
0902.0640,Custom,20,9,159
0902.0640,Grobid,21,9,546
0902.0891,Custom,11,5,244
0902.0891,Grobid,14,5,1191
0902.0299,Custom,7,4,32
0902.0299,Grobid,7,4,103
0902.0500,Custom,10,7,107
0902.0500,Grobid,10,7,333
0902.0323,Custom,17,11,255
0902.0323,Grobid,18,11,1131
0902.0625,Custom,31,8,805
0902.0625,Grobid,62,15,1599
0902.0247,Custom,21,11,173
0902.0247,Grobid,21,11,641
0902.0298,Custom,20,13,262
0902.0298,Grobid,20,13,397
0902.0162,Custom,31,28,305
0902.0162,Grobid,31,28,286
0902.0892,Custom,32,25,335
0902.0892,Grobid,32,25,909
0902.0799,Custom,22,14,180
0902.0799,Grobid,22,14,618
0902.0904,Custom,22,10,177
0902.0904,Grobid,22,10,393
0902.0585,Custom,21,14,181
0902.0585,Grobid,21,14,626
0902.0170,Custom,96,63,1764
0902.0170,Grobid,96,63,1481
0902.0964,Custom,14,11,114
0902.0964,Grobid,14,11,404
0902.0124,Custom,15,12,115
0902.0124,Grobid,15,12,306
0902.0320,Custom,39,16,349
0902.0320,Grobid,39,16,1293
0902.0509,Custom,13,3,240
0902.0509,Grobid,13,3,273
0902.0121,Custom,133,56,1561
0902.0121,Grobid,133,56,1441
0902.0534,Custom,6,2,50
0902.0534,Grobid,6,2,168
0902.0849,Custom,20,14,457
0902.0849,Grobid,29,14,1107
0902.0895,Custom,30,10,338
0902.0895,Grobid,30,10,439
0902.0701,Custom,31,20,343
0902.0701,Grobid,31,20,371
0902.0373,Custom,58,36,942
0902.0373,Grobid,58,36,782
0902.0871,Custom,30,23,666
0902.0871,Grobid,30,23,898
0902.0027,Custom,4,0,189
0902.0027,Grobid,4,0,147
0902.0287,Custom,23,12,271
0902.0287,Grobid,23,12,340
0902.0015,Custom,41,38,464
0902.0015,Grobid,41,38,758
0902.0490,Custom,0,0,1484
0902.0490,Grobid,0,0,1256
0902.0385,Custom,0,0,1123
0902.0385,Grobid,0,0,790
0902.0855,Custom,16,13,221
0902.0855,Grobid,16,13,625
0902.0535,Custom,38,32,216
0902.0535,Grobid,38,32,512
0902.0579,Custom,27,14,317
0902.0579,Grobid,27,14,890
0902.0421,Custom,3,0,32
0902.0421,Grobid,4,0,113
0902.0832,Custom,28,14,137
0902.0832,Grobid,28,14,366
0902.0834,Custom,52,27,485
0902.0834,Grobid,52,27,787
0902.0728,Custom,52,19,459
0902.0728,Grobid,54,19,642
0902.0764,Custom,34,23,646
0902.0764,Grobid,34,23,1151
0902.0946,Custom,44,36,665
0902.0946,Grobid,44,36,622
0902.0564,Custom,18,10,125
0902.0564,Grobid,19,9,469
0902.0678,Custom,11,3,106
0902.0678,Grobid,9,1,303
0902.0306,Custom,20,14,264
0902.0306,Grobid,22,14,1120
0902.0879,Custom,10,9,141
0902.0879,Grobid,11,9,560
0902.0898,Custom,14,0,545
0902.0898,Grobid,28,5,656
0902.0808,Custom,4,3,42
0902.0808,Grobid,4,3,166
0902.0590,Custom,49,40,609
0902.0590,Grobid,49,40,615
0902.0472,Custom,11,7,267
0902.0472,Grobid,11,7,208
0902.0139,Custom,47,16,452
0902.0139,Grobid,47,16,613
0902.0290,Custom,73,73,790
0902.0290,Grobid,73,73,1252
0902.0382,Custom,22,17,206
0902.0382,Grobid,22,17,636
0902.0191,Custom,76,57,1292
0902.0191,Grobid,76,57,1192
0902.0942,Custom,39,25,279
0902.0942,Grobid,33,21,553
0902.0340,Custom,46,16,628
0902.0340,Grobid,46,16,561
0902.0196,Custom,55,37,382
0902.0196,Grobid,55,37,908
0902.0749,Custom,31,10,267
0902.0749,Grobid,31,10,366
0902.0296,Custom,33,14,315
0902.0296,Grobid,33,14,404
0902.0548,Custom,42,15,697
0902.0548,Grobid,42,15,803
0902.0521,Custom,115,72,1298
0902.0521,Grobid,115,72,1283
0902.0687,Custom,40,22,290
0902.0687,Grobid,41,22,612
0902.0326,Custom,15,12,170
0902.0326,Grobid,15,12,406
0902.0527,Custom,51,27,750
0902.0527,Grobid,51,27,855
0902.0957,Custom,49,36,238
0902.0957,Grobid,49,36,656
0902.0448,Custom,13,12,121
0902.0448,Grobid,14,12,495
0902.0876,Custom,6,1,41
0902.0876,Grobid,7,1,138
0902.0254,Custom,27,14,373
0902.0254,Grobid,27,14,331
0902.0514,Custom,23,14,346
0902.0514,Grobid,23,14,630
0902.0498,Custom,66,59,434
0902.0498,Grobid,54,49,687
0902.0710,Custom,31,13,166
0902.0710,Grobid,31,14,372
0902.0079,Custom,23,4,243
0902.0079,Grobid,23,5,934
0902.0539,Custom,11,9,86
0902.0539,Grobid,11,7,222
0902.0928,Custom,63,55,266
0902.0928,Grobid,63,55,547
0902.0840,Custom,39,21,412
0902.0840,Grobid,39,21,509
0902.0350,Custom,49,27,399
0902.0350,Grobid,52,27,1336
0902.0019,Custom,7,5,79
0902.0019,Grobid,7,5,213
0902.0188,Custom,25,14,243
0902.0188,Grobid,25,14,593
0902.0950,Custom,35,12,204
0902.0950,Grobid,35,12,474
0902.0912,Custom,0,0,651
0902.0912,Grobid,0,0,545
0902.0588,Custom,3,0,136
0902.0588,Grobid,3,0,116
0902.0845,Custom,33,8,2354
0902.0845,Grobid,33,8,2062
0902.0374,Custom,16,12,355
0902.0374,Grobid,16,12,428
0902.0911,Custom,44,25,605
0902.0911,Grobid,44,25,1141
0902.0761,Custom,30,4,379
0902.0761,Grobid,30,4,396
0902.0914,Custom,0,0,520
0902.0914,Grobid,0,0,434
0902.0929,Custom,28,17,280
0902.0929,Grobid,29,17,650
